7 grain bread,g
7 grain cereals,g
acacia honey,g
adjika green,g
Adyghe cheese,g
adzhika,g
agar-agar,g
agave syrup,g
agram,g
Aladushkin flour,g
Albuhara,pcs.
Alchermes liqueur,g
alcohol,g
alcohol,glass
ale,ml
algae,g
allspice peas,g
allspice,pinch
almehi,g
almond essence,g
almond extract,drop
almond flour,g
almond liqueur,g
almond mass,g
almond milk,g
almond oil,g
almond paste,g
almond petals,g
almond praline,g
almond syrup,g
almonds,g
amaranth flour,g
Amaretti cookies,g
Amaretto liqueur,g
anchovies,g
anise liqueur,ml
anise seeds,g
anise,to taste
aniseed vodka,g
Antonovka apples,kg
apple chips,glass
apple cider vinegar,g
apple essence,g
apple jam,g
apple jam,g
apple jam,g
apple juice,g
apple sauce,g
apple syrup,g
apples,g
applesauce,g
apricot jam,g
apricot jam,g
apricot juice,glass
apricot puree,g
apricot,g
apricots,g
Arabic flatbreads,pcs.
arborio rice,g
argan oil,g
Arishta,Mr.
Armenian lavash,g
aromatic herbs,g
artichokes in oil,g
artichokes,g
arugula,g
ashi,g
asparagus,kg
aspirin,pcs.
assorted berries,g
assorted fruit,g
assorted meats,g
assorted vegetables,g
avocado oil,g
avocado,pcs.
ayran,g
baby food,g
bacon,g
bagels,g
baguette,g
Baileys liqueur,g
baked duck,g
baked milk,g
baked potatoes,g
baking flour,g
baking powder,g
baking powder,g
baking powder,g
balm,g
balsamic cream,glass
balsamic sauce,g
balsamic vinegar,glass
balyk,g
banana chips,handful
banana green syrup,ml
banana liqueur,ml
banana puree,g
bananas,g
barberry,g
barley flakes,g
barley,g
basmati rice,g
basturma,g
baths,pcs.
bavette pasta,g
bay leaf,g
BBQ sauce,g
bean sprouts,g
beans,g
beans,g
beef brisket,kg
beef casings,g
beef heart,to taste
beef liver,pcs.
beef lungs,g
beef marrow bone,pcs.
beef neck,kg
beef on the bone,g
beef pulp,kg
beef ribs,g
beef shanks,g
beef shoulder,g
beef steaks,g
beef tenderloin,pcs.
beef tongue,g
beef,g
beefsteak,pcs.
beer,g
beet leaves,g
beet tops,g
beets,g
bell pepper,g
bergenia,star
berries,g
berry jam,g
berry jelly,g
berry juice,g
berry syrup,g
bird cherry flour,g
bird cherry,g
Birnelle,ml
biscuit cookies,g
biscuit crumbs,g
biscuit,g
biscuits,g
biscuits,pcs.
bisquick mixture ready,package
black bean sauce,g
black bitter chocolate 70%,g
black bitter chocolate 85%,g
black caviar,g
black coffee,g
black currant,g
black eye beans,g
black food coloring,g
black glaze,to taste
black grapes,g
black molasses (molasses),g
black olives,to taste
black pepper,g
black peppercorns,to taste
black radish,pcs.
black raisins,g
black sesame,g
black tea with spices,bag
black tea,g
black truffle,pcs.
blackberry,g
blackcurrant jam,g
blackcurrant jam,g
blood orange juice,ml
blood sausage,g
blood,ml
blue cheese,g
blue cheese,g
blue grapes,g
blueberries,g
blueberry jam,glass
blueberry,g
boiled asparagus beans,g
boiled beets,g
boiled carrots,g
boiled chestnuts,g
boiled chicken breasts,g
boiled chicken,g
boiled condensed milk,g
boiled egg yolks,pcs.
boiled ham,g
boiled lentils,g
boiled pork,g
boiled pork,g
boiled potatoes in their jackets,g
boiled red beans,glass
boiled rice,g
boiled sausage,g
boiled squid,g
boiled trout,g
boiled veal,g
boiled-smoked bacon,g
boiled-smoked brisket,g
boiled-smoked cervelat,g
boiled-smoked ham,g
boiled-smoked ham,piece
boiled-smoked pork knuckle,g
boiled-smoked pork shoulder,g
boiled-smoked sausage,g
boiling water,g
bones,g
Borodino bread,piece
botarga,g
bouillon cubes,g
bouquet garni,bunch
bourbon,g
bow pasta,g
brain bones,g
bran,g
brandy,g
Brazil nuts,g
bread crumbs,g
bread kvass,g
bread mix 8 grains,g
bread,g
breadcrumbs,g
breakfast dry pads,g
bresaola,g
brie cheese,g
brine,g
Brioche buns,pcs.
brisket,g
broth,g
brown and wild rice mixture,g
brown rice,g
brown sugar,g
brown tomatoes,g
Brussels sprouts,g
bucatini pasta,g
buckwheat flakes,g
buckwheat flour,g
buckwheat honey,g
buckwheat milk,glass
buckwheat soba noodles,g
buckwheat,g
buko cheese,g
bulgur,g
bun,piece
buns with sesame seeds,pcs.
buns,g
Burrata,g
Buryak,g
butter bun,g
butter,g
butter,g
butterfly pasta (farfalle) mini,g
butterfly pasta (farfalle),g
buttermilk,g
cabbage pickle,g
Cajun spice mix,g
cake mix,pcs.
calcium chloride,g
calf liver,g
Calvados,g
Camembert,packaging
Campari,ml
cancerous necks,g
candied citron fruits,g
candied citrus fruits,pcs.
candied confectionery cherries,pcs.
candied fruits,g
candied ginger,g
candied ginger,g
candied lemon peel,g
candied lemon peels,g
candied orange peels,g
candied tangerine,g
candied violets,pcs.
cane sugar,g
canned apricots,g
canned beans,g
canned champignons,g
canned cherries,pitted,g
canned chestnuts,g
canned chickpeas,g
canned corn,g
canned cucumbers,pcs.
canned fish,g
canned fish,jar
canned fruits,g
canned green beans,g
canned green olives,jar
canned green peas,g
canned mango,g
canned octopus,g
canned olives,g
canned peaches,g
canned pineapples,to taste
canned red beans,g
canned saury,jar
canned squid,g
canned straw mushrooms,pcs.
canned tomatoes,g
canned tuna,g
canned white beans,g
cannelloni,g
capelin caviar,g
capelin,g
capellini,g
caper brine,g
capers in wine vinegar,g
capers,g
cappuccino,g
carambola,g
caramel pudding,g
caramel sauce,g
caramel with filling,g
caramel,ml
carbonate,g
carbonated mineral water,g
cardamom grains,g
cardamom pods,pcs.
cardamom,g
carnaroli rice,g
carob,g
carp fillet,kg
carp,g
carrot puree,g
carrots,g
cashew,g
catfish fillet,g
catfish fillet,g
catfish,g
cauliflower,g
caviar,g
cayenne pepper,g
cedar flour,g
celery greens,g
celery root,g
celery salt,g
celery seeds,g
celery stalks,g
celery,g
cereal buns,pcs.
cereal flakes,g
champagne,g
champignons,to taste
chanterelles,g
char fillet,pcs.
chard,g
Chechil spaghetti,g
cheddar,g
cheese cottage,g
cheese slices,g
cheese,g
cherry flavoring,drop
cherry food coloring,pinch
cherry jam,g
cherry jam,g
cherry jam,g
cherry juice,g
cherry leaves,g
cherry liqueur,to taste
cherry plum,g
cherry syrup,glass
cherry tincture,ml
cherry tomatoes,g
cherry,g
cherry,g
cherry,g with sugar,g
chestnut cream,g
chestnut flour,g
chestnuts,g
chewing licorice candies,g
chia seeds,g
chicken bones,g
chicken breasts,g
chicken broth,g
chicken carcass,g
chicken carpaccio,g
chicken drumsticks,g
chicken eggs,g
chicken fillet,g
chicken for frying,kg
chicken giblets,g
chicken gizzards,pcs.
chicken ham,g
chicken hearts,g
chicken legs,g
chicken liver,g
chicken pate,g
chicken skin,g
chicken soup set,kg
chicken thighs,g
chicken wings,g
chicken,g
chickens,g
chickpea flour,g
chickpeas,g
chicory,g
chili pepper flakes,to taste
chili pepper,g
chili sauce,g
Chinese cabbage,g
Chinese salad,g
Chinese vegetable mixture,g
chips,g
chives,stem
chives,to taste
chocolate balls from ready-made breakfasts,g
chocolate bars,g
chocolate butter,g
chocolate candies,g
chocolate chips,g
chocolate cookies,g
chocolate covered coffee beans,g
chocolate drops,g
chocolate flakes,g
chocolate ice cream,ml
chocolate liqueur,g
chocolate mastic,g
chocolate paste,g
chocolate peas,g
chocolate sauce,g
chocolate sponge cake,g
chocolate syrup,g
chocolate wafers,g
chocolate with nuts,g
chocolate,g
chocolate-nut butter,g
chokeberry,g
chopped almonds,g
chopped almonds,g
chopped greens,g
chopped parsley,g
chopped pistachios,g
chopped walnuts,g
chorizo,g
chum salmon,g
ciabatta,piece
cider vinegar,g
cider,g
cinnamon,g
citric acid,g
citrus mustard,g
clarified grape juice,g
clementines,g
cloudberry,g
cloves,g
coarse brown sugar,g
coarse salt,g
Coca-Cola,g
cocktail cherry,g
cocoa beans,g
cocoa butter,g
cocoa powder,to taste
cocoa,handful
coconut cream,g
coconut extract,g
coconut flakes,g
coconut flour,g
coconut liqueur,g
coconut milk,g
coconut oil,ml
coconut water,glass
coconuts,g
cod fillet,g
cod liver,g
cod,g
coffee beans,glass
coffee drink,ml
coffee extract,ml
coffee liqueur,g
coffee syrup,g
cognac,g
coho salmon,g
Cointreau liqueur,g
cola,g
cold smoked mackerel,g
cold smoked salmon,g
cold smoked sturgeon,g
cold smoked trout,g
colored coconut flakes,g
compote,g
concentrated milk,g
condensed cocoa,jar
condensed milk with cocoa,g
condensed milk,g
confectionery beads,g
confectionery cream,g
confectionery sprinkles,to taste
confiture,to taste
cookies,to taste
cooking fat,g
coriander greens,g
coriander seeds,g
coriander,g
corn (golden) syrup,g
corn chips,g
corn flakes,g
corn flour,g
corn grits,g
corn oil,g
corn starch,to taste
corn sticks,g
corn tortillas,pcs.
corn,g
cottage cheese 18%,g
cottage cheese 2%,g
cottage cheese 5%,g
cottage cheese 9%,g
cottage cheese,g
couscous,g
crab meat,g
crab sticks,to taste
crabs,g
cracker,g
crackers,to taste
cranberries g with sugar,g
cranberry jam,g
cranberry jam,g
cranberry juice,g
cranberry sauce,g
cranberry syrup,g
cranberry,g
crayfish necks in brine,g
crayfish,pcs.
cream 10-20%,g
cream 15%,g
cream 20%,g
cream 33-35%,g
cream cheese,g
cream liqueur,g
cream liqueur,g
cream margarine,g
cream of tartar,pinch
cream,packaging
creme fraiche,g
Creole seasoning,g
croissants,to taste
croutons,g
crucian carp,g
crumb crumbs,g
crumbly cookies,g
cucumber pickle,glass
cucumbers,g
cumin,g
cumin,g
curd cheese,g
curd cheeses,g
curd mass,g
curd paste,g
curdled milk,g
curly lettuce,g
currant leaves,g
currant,g
curry leaves,g
curry paste,packet
curry,g
custard cream,g
cuttlefish ink,g
cuttlefish,cleaned,g
cuttlefish,g
daikon,g
dairy products,g
dandelions,g
Danish rye bread,g
Darjeeling tea,bag
dark beer,can
dark chocolate with orange zest,g
dark dark chocolate 75%,g
dark dark chocolate,g
dark malt,g
dark rum,g
dates,g
Demerara sugar,g
dessert wine,g
devzira rice,g
Dijon mustard with honey,g
Dijon mustard,g
dill seed,g
dill,g
Ditaloni pasta,g
Djugas cheese,g
dogwood,g
dolma,g
dorada carcass,pcs.
dorada with head,pcs.
dorada,pcs.
Dorblu cheese,g
dove,g
dragee,g
dragon fruit,pcs.
dried apples,g
dried apricots,to taste
dried barberry,g
dried basil,g
dried berries,to taste
dried celery root,to taste
dried chamomile,g
dried chanterelles,g
dried cherries,g
dried cilantro,g
dried cranberries,g
dried currants,g
dried dill,g
dried figs,g
dried fish caviar,g
dried fruits,g
dried garlic,g
dried lavender,g
Dried lingonberries,g
dried marjoram,g
dried mint,g
dried morels,g
dried mulberries,g
dried mushrooms,g
dried onion,g
dried oregano,g
dried parsley,g
dried pears,g
dried pineapples,g
dried prunes,g
dried raspberries,g
dried rose buds,g
dried rosemary,to taste
dried sea cabbage,g
dried shiitake mushrooms,g
dried shrimps,g
dried strawberries,g
dried sweet pepper,g
dried tarragon,g
dried thyme,g
dried thyme,g
dried tomatoes flakes,g
dried tropical fruits,to taste
dry breakfast,g
dry champagne,g
dry chili pepper,g
dry cookies,g
dry herbs,g
dry jelly,g
dry kvass concentrate,packaging
dry mustard,g
dry red wine,g
dry sparkling wine,g
dry vermouth,g
dry white bread,g
dry white mushrooms,g
dry white wine,g
dry yeast,to taste
drying,g
duck breast,g
duck carcass,carcass
duck fillet,g
duck legs,to taste
duck liver,g
duck thighs,g
duck,to taste
dumpling dough,g
dumplings,g
Dutch cheese,g
Dzhusai,g
ear pasta (orecchiette),g
earl gray tea,glass
early tkemali sauce,g
edam,g
eel,g
egg melange,g
egg noodles in nests,pcs.
egg powder,g
egg vermicelli,g
egg whites,g
egg yolks,g
eggnog,glass
eggplant,to taste
elderberry syrup,g
elk meat,kg
emmental,g
escalope,g
espresso coffee,glass
exotic sauce,g
Extra virgin olive oil,g
fat cottage cheese,g
fat tail fat,g
fat,g
fat-free cocoa powder,g
feijoa,g
fennel seeds ground,g
fennel seeds,g
fennel,g
fenugreek seeds,g
fenugreek,g
fermented milk drink Tan,ml
fern,g
festoonate,g
feta cheese,to taste
feta,g
fetaki,g
fetax,g
fettuccine,g
figs,g
fine granulated sugar,g
fish bones,g
fish broth,g
fish fillet,g
fish sauce,g
fish trimmings,heads,fins,to taste
fish,g
fish-salt,carcass
flakes 4 cereals,g
flakes 5 cereals,g
flatbread,g
flavoring,g
flax seeds,g
flaxseed flour,g
flaxseed,g
flounder fillet,g
flounder,g
flour 1 grade,g
flour 2nd grade,g
flour with bran,g
flour with seeds,g
flour,g
flying fish roe,g
focaccia,to taste
fontina cheese,g
food coloring gel,pcs.
food coloring,g
forest mushrooms,g
fortified wine,g
French mustard,g
fresh basil,g
fresh bay leaves,pcs.
fresh broccoli,g
fresh champignons,g
fresh cilantro,clove
fresh cucumbers,g
fresh dill,g
fresh figs,g
fresh green peas,g
fresh lake trout,pcs.
fresh lingonberries,g
fresh mackerel,g
fresh marjoram,to taste
fresh mushrooms,g
fresh oregano,g
fresh pork sausage (salsiccia),pcs.
fresh sage,bunch
fresh salmon fillet,g
fresh salmon,g
fresh salmon,g
fresh sorrel,g
fresh spinach,g
fresh sprat,g
fresh thyme,to taste
fresh yeast,g
freshly brewed coffee,g
freshly ground black pepper,g
freshly ground pepper mixture,g
freshly ground white pepper,g
freshly salted salmon,g
freshly squeezed citrus juice,ml
freshly squeezed orange juice,g
freshly squeezed pomegranate juice,ml
fried corn kikos,g
frisse salad,g
frozen berries,g
frozen blackberries,g
frozen blueberries,g
frozen blueberries,g
frozen broccoli,g
frozen Brussels sprouts,g
frozen cauliflower,g
frozen champignons,g
frozen cherries,g
frozen corn,g
frozen cranberries,g
frozen forest berries,g
frozen green beans,g
frozen green peas,g
frozen honey mushrooms,g
frozen lingonberries,g
frozen mushrooms (honey mushrooms and boletus),g
frozen mushrooms,g
frozen mussels,pcs.
frozen plums,g
frozen porcini mushrooms,g
frozen potato hash,g
frozen raspberries,g
frozen sea buckthorn,g
frozen sea cocktail,g
frozen seaweed,g
frozen shrimp,g
frozen sorrel,g
frozen spinach,g
frozen squid,g
frozen strawberries,g
frozen strawberries,g
frozen vegetable mixture for wok,g
frozen vegetable mixture,g
frozen young beans,g
frozen zucchini,g
fructose,g
fruit juice without sugar,glass
fruit juice,g
fruit syrup,g
fruit yoghurt,g
fruit,g
frying oil,g
full fat sour cream,g
full fat yogurt,g
funchose,g
g viburnum,g
g,g
Gala apples,g
galangal root,slice
ganache,g
garam masala,g
garlic oil,to taste
garlic powder,g
garlic salt,g
garlic,g
gazpacho,g
Gelatin mastic,g
gelatin,g
gelling agent,packaging
gelling sugar,g
geranium leaves,g
ghee,g
gherkin chickens,pcs.
gherkins,g
Gigli pasta,g
gin,g
ginger beer,ml
ginger cookies,to taste
ginger jam,g
ginger root,g
ginger,g
gingerbread dough,g
gingerbread spices,g
gingerbread,g
ginseng,g
glass noodles,g
glaze ready,to taste
glaze,g
glazed corn flakes,g
glucose syrup,g
glucose,g
gluten,g
goat liver,g
goat milk,g
goat yogurt,g
goji,g
golden apples,g
golden kandurin,g
golden rice,g
goose carcass,kg
goose fat,g
goose liver,g
goose,g
gooseberries,g
gooseberry jam,jar
gorgonzola picante,g
gorgonzola,g
gouda cheese,g
Goya cheese,g
grain cottage cheese,g
Grana Padano,g
granite,g
granny smith apples,kg
granola with nuts,g
granulated sugar coarse,g
granulated sugar,g
grape jelly,g
grape juice,g
grape leaves,g
grape marshmallow,g
grape seed oil,g
grape snails,pcs.
grapefruit juice,g
grapefruit zest,g
grapefruits,g
grapes,g
grappa,g
grated carrots,pcs.
gratin,kg
graviera cheese,g
gray bread,g
Greek yogurt,g
green apples,g
green asparagus,g
green beans,g
green bell pepper,g
green buckwheat,g
green chili pepper,pod
green coffee,g
green food coloring,g
green lentils,g
green marzipan,g
green olives,to taste
green onion,g
green peas,g
green radish,pcs.
green tea,bag
green tomatoes,kg
greens,g
grenades,g
grenadine,g
grill,g
grissini,g
ground allspice,g
ground barberry,g
ground beef,to taste
ground black pepper,g
ground cardamom,g
ground cayenne pepper,pinch
ground chili pepper,g
ground chipotle,pinch
ground cinnamon,g
ground cloves,to taste
ground coffee,g
ground coriander,g
ground crackers,g
ground cumin,g
ground flaxseed,g
ground ginger,g
ground hot pepper,g
ground nutmeg,g
ground peperoncino,g
ground poppy seed,g
ground quinoa,g
ground red hot pepper,to taste
ground red paprika,g
ground red pepper,g
ground saffron,g
ground sweet red pepper,g
ground white pepper,g
gruyère,g
guanciale,g
guava,pcs.
guinea fowl carcass,g
Guryev porridge,g
Gutted sea bream with head,pcs.
haddock,pcs.
hake fillet,g
hake,g
halibut caviar,g
halibut fillet,pcs.
halibut,g
halloumi,g
halva,g
ham,g
ham,g
hamburger buns,pcs.
hamburger,g
hard cheese,g
hard goat cheese,g
hare meat,g
harissa paste,g
Havarti cheese,g
hazel grouse,g
hazelnut flour,g
hazelnuts,g
hazelnuts,g
head lettuce,g
heavy cream,g
hemp oil,g
hemp seeds,g
hercules,g
herring fillet,g
herring,g
herring,g
hibiscus,g
Himalayan salt,g
homemade cheese,g
homemade mayonnaise,g
homemade sausages,pcs.
homemade yeast,g
honey mushrooms,to taste
honey,g
honeysuckle,g
hops,g
horseradish,g
hot green pepper,pcs.
hot pepper,g
hot red pepper,g
hot sauce,g
hot smoked coho salmon fillet,g
hot smoked paprika,g
hot smoked salmon,g
hot smoked smelt,g
hot smoked trout,g
hunting sausages,g
ice cream ice cream,g
ice cream,to taste
ice,g
iceberg lettuce,g
icing,g
Imeretian cheese,g
Imeretian saffron,g
Indian duck,pcs.
indica rice,g
instant cereal,glass
instant coffee,g
instant oat flakes,g
instant polenta,glass
intestines,g
Iranian dates,g
Iranian dates,pitted,pcs.
irga,g
Isabella grapes,kg
Italian herbs,g
Italian parsley,bunch
Italian salami,g
Italian tomato sauce,g
Italica rice,g
jalapeno pepper,g
jam,g
jam,g
jam,g
jam,packaging
Jamaican pepper,g
jamon,g
Japanese babe panko,g
japonica rice,g
jasmine rice,g
jasmine tea,g
jelly for cake,packaging
jelly,g
jelly,g
Jerusalem artichoke syrup,glass
Jerusalem artichoke,g
Jubilee milk cookies,g
juice,g
juniper berries,g
kaffir lime leaves,to taste
Kahlua coffee liqueur,ml
Kalamata olives,g
kale cabbage,g
Kalinji seeds,g
kataifi dough,g
katyk,g
kebab ketchup,g
kefalotyri cheese,g
kefir 1%,g
kefir 2.5%,g
kefir 3.2%,g
kefir,to taste
Kenyan beans,handful
khmeli-suneli,g
kidneys,g
kimchi,g
king prawns,g
Kirsch,g
kiwano,g
kiwi jelly,g
kiwi,kg
knuckle,to taste
kohlrabi cabbage,g
Korean carrots,g
Korovka candies,g
Krasnodar sauce,g
krill meat,g
Kuban rice,g
kumquats,g
lamb chops on the bone,pcs.
lamb entrecotes,kg
lamb ham on the bone,piece
lamb liver,g
lamb liver,g
lamb loin,g
lamb offal,kg
lamb ribs,pcs.
lamb rump,g
lamb shanks,pcs.
lamb shin,chopped,g
lamb shoulder,kg
lamb,g
lamb,g
lamprey,g
langoustines,pcs.
lard with meat layers,g
lard,g
lard,g
lard,pcs.
large black mussels in shells,g
large carrots,g
large chicken eggs,g
large egg yolks,g
large oranges,pcs.
large shell pasta,g
large-leaf black tea,g
lavash,to taste
lavender dye,g
lavender honey,g
lavender,g
leaf gelatin,to taste
lean pork,g
lecho,g
leeks,handful
leg of lamb without bone,g
leg of lamb,g
lemon basil,g
lemon extract,g
lemon ice cream,to taste
lemon juice,g
lemon pepper,g
lemon thyme,g
lemon vinegar,g
lemon zest,g
lemonade,g
lemongrass (lemongrass),g
lemongrass stem,g
lemons,g
lentils,g
lettuce,g
lettuce,g
lettuce,g
light beer,g
light mayonnaise,g
light,g
lightly salted cucumbers,pcs.
lightly salted herring,g
lightly salted salmon,g
lightly salted trout,g
lime juice,g
lime leaves,pcs.
lime zest,g
lime,g
limoncello,g
lingonberry jam,g
lingonberry sauce,g
linguine,pcs.
linseed oil,g
liqueur,g
liquid honey,g
liquid malt,g
liquid smoke,g
liver,g
liver,g
lobster,g
local juice with basil,g
long grain golden rice,g
long grain rice,g
longan,g
longkong,pcs.
lovage,g
low-fat cottage cheese,g
low-fat kefir,g
low-fat sour cream,g
low-fat yogurt,g
low-fat yogurt,g
lychee compote,g
lychees,pcs.
M&M's candies,g
Maasdam,g
macadamia nuts,g
macaroons,g
Maccheroncini,g
mackerel fillet,g
mackerel,g
mackerel,to taste
Madera,g
mafaldine,g
malt extract,g
malt,g
mango chutney,g
mango syrup,ml
mango,to taste
mangosteen,pcs.
Manitoba flour,g
maple syrup,g
maraschino cherry,pcs.
marble cheese,g
margarine,g
marinated artichokes,g
marinated champignons,g
marinated mushrooms,g
marinated white mushrooms,g
marjoram,g
marmalade,to taste
marsala,glass
marshmallow cream,g
marshmallow mini,g
marshmallow,g
marshmallow,g
marshmallows,g
Martini red,g
martini,g
marzipan,to taste
Mascarpone cheese,g
mascarpone,g
mashed potatoes,to taste
mashed tomatoes passata,g
mastic,g
matcha,g
matsoni,g
matzah,g
mayonnaise,g
meal,g
meat broth,g
meat on the bone,kg
meat,g
meatballs,g
Melissa,G
melon,g
meringue,g
meringues,pcs.
microgreens,g
milk 0.5%,g
milk 1.5%,g
milk 2.5%,g
milk 3.2%,g
milk 3.6%,g
milk 4%,g
milk 6%,g
milk chocolate,g
milk mixture,g
milk powder,g
milk,g
millet flakes,g
millet,g
minced chicken sausages,pcs.
minced chicken,g
minced fish,g
minced lamb,g
minced lamb,g
minced meat (lamb and beef),g
minced meat (pork and chicken),g
minced meat,g
minced pork,g
minced salmon,g
minced turkey,g
minced veal,g
mini baguette,g
mini bananas,g
mini corn,pcs.
mini eggplants,g
mini mozzarella,g
mini octopuses,g
mint chocolate,g
mint schnapps,g
mint syrup,g
mint,g
mirin sauce,to taste
mirror carp,kg
miso paste,g
miso soup,packet
mixed wild and golden rice,g
molasses,g
monkfish,g
monosodium glutamate,g
mortadella,g
mozzarella ball large,g
mozzarella for baking,g
mozzarella for pizza,g
mozzarella with herbs,g
mozzarella,g
muesli,g
mulberry,g
mullet,g
mullet,g
multivitamin juice,ml
mung beans,g
muscat wine,g
muscovado sugar,handful
mushrooms,g
mussels in shells,g
mussels,g
mustard oil,g
mustard powder,g
mustard seeds,g
mustard with grains,g
mustard,g
Nam Pla fish sauce,g
nardek,g
narsharab sauce,g
natural yogurt,g
neck,g
nectarines,pcs.
nettle,g
noble tkemali sauce,g
noodles,g
nori,g
nougat with nuts,g
nougat,g
nut butter,g
nut butter,pcs.
nut crumbs,glass
nut liqueur,ml
nut sauce,g
nutella,g
nutmeg,g
nuts,g
oak bark,g
oat bran,g
oat flakes,g
oat flour,g
oat grains,g
oat milk,glass
oat pancakes,pcs.
oatmeal cookies,g
oatmeal,g
octopus,g
oil seal,g
okra,g
olive brine,g
olive mayonnaise,g
olive oil,g
olive paste,g
olives,g
onion peel,g
onion powder,g
onion,g
orange essence,g
orange extract,g
orange food coloring,g
orange jam with ginger,g
orange jam,g
orange jam,g
orange juice,to taste
orange liqueur,g
orange powdered sugar,g
orange syrup,glass
orange vinegar,g
orange water,g
orange zest,g
oranges,g
oregano,g
oregano,g
Oreo cookies,g
orzo pasta,g
oxtail,g
oyster mushrooms,g
oyster sauce,g
oysters,g
padron pepper,g
pagr,g
palm oil,g
palm sugar,g
pancake flour,g
pancake mix,g
pancetta,g
paneer cheese,g
panettone,pcs.
pangasius,g
Panifarin,g
papaya,canned in its own juice,g
papaya,g
pappardelle,g
paprika,g
Parma ham,g
parmesan,g
parsley greens,g
parsley root,g
parsley,g
parsnip,g
partridges,g
passion fruit,g
pasta dough for lasagna,g
pasta dough,g
pasta horns (pipe rigate),g
pasta,g
pasta,g
paste,g
pate,g
pea soup,g
pea sprouts,g
peach jam,g
peach juice,g
peach marmalade,g
peach puree,g
peach syrup,ml
peaches,g
peanut butter,g
peanut butter,g
peanuts,g
pear juice,g
pear liqueur,ml
pear puree,g
pear syrup,ml
pear vinegar,g
pearl barley flour,g
pearl barley,g
pearl couscous,glass
pearl sugar,g
pears,to taste
peas,g
pecans,g
peche mignon cheese,g
pecorino,g
pectin,g
peeled almonds,g
peeled chestnuts,g
peeled pistachios,g
peeled shrimps,g
peeled unsalted pistachios,g
pelengas,g
penne rigate,g
penne,g
peperoncino,g
pepper paste,g
pepper,g
peppercorn mixture,g
peppercorns,g
pepperoni,g
perch fillet,g
perch,g
Persian lavash round,g
persimmon,g
pesto sauce,to taste
pheasant,g
Philadelphia cheese,g
phyllo dough,g
physalis,to taste
pickled capers,g
pickled chili pepper,to taste
pickled cucumbers,g
pickled cucumbers,jar
pickled gherkins,g
pickled ginger,g
pickled grape leaves,g
pickled honey mushrooms,g
pickled jalapeno pepper,pcs.
pickled onion,g
pickled pepper,g
pickled red sweet pepper,pcs.
pig ears,pcs.
pig,kg
pike fillet,g
pike perch caviar,g
pike perch fillet on skin,g
pike perch fillet,g
pike,g
pine nut oil,g
pine nuts,g
pine nuts,g
pineapple flavoring,to taste
pineapple juice,g
pineapple syrup,g
pineapples,g
pink grapefruits,g
pink marzipan,g
pink peppercorns,g
pink petals,g
pink salmon caviar,granular,g
pink salmon fillet,g
pink salmon in its own juice,jar
pink salmon,to taste
pinto beans,g
pistachio flour,g
pistachio oil,g
pistachio paste,g
pistachios,g
pita,to taste
pitted dates,glass
pitted olives,g
pitted olives,g
pizza dough,pcs.
pizza seasoning,g
plant milk,glass
plum jam,g
plum jam,g
plum liqueur,g
plum paste,g
plum sauce,g
plum wine,g
plums,kg
polenta,to taste
pollen,g
pollock fillet,g
pollock fillet,g
pollock liver,g
pollock,g
pollock,g
pomegranate juice,g
pomegranate paste,g
pomegranate sauce,g
pomegranate seeds,g
pomegranate syrup,g
pomelo,g
popcorn,g
poppy seed,pack
poppy,g
porcini mushrooms,g
pork belly,g
pork cheeks,pcs.
pork chops on the bone,g
pork chops,g
pork chops,g
pork cutlets on the bone,pcs.
pork feet,g
pork fillet,g
pork flank,kg
pork head,g
pork heart,g
pork knuckle,to taste
pork liver,g
pork loin on the bone,g
pork loin,g
pork lungs,g
pork neck,piece
pork pulp,g
pork ribs,g
pork tenderloin,g
pork tongue,g
pork with fat,g
pork,g
porridge for baby food,g
porridge,g
port,g
portobello,g
potato broth,g
potato chips,g
potato flakes,g
potato gnocchi,g
potato starch,g
potatoes,g
powdered custard cream,g
powdered sugar,g
prickly pear fruits,g
processed cheese,g
processed chocolate cheese,g
prosciutto,g
prosecco,ml
Provençal herbs,g
provola cheese,g
provolone,g
prunes without pits,g
prunes,g
psyllium,g
ptitim,g
pudding,g
puff pastry without yeast,to taste
puff pastry yeast,kg
puff pastry,g
puffed rice balls,g
pumpkin puree,g
pumpkin seed oil,pcs.
pumpkin seeds,g
pumpkin,g
puree,to taste
purple basil,g
purple food coloring,g
purslane,g
quail eggs,g
quail,carcass
quince puree,g
quince,to taste
quinoa,g
rabbit carcass,g
rabbit fillet,g
rabbit liver,g
rabbit,g
radicchio,pcs.
radish,g
radish,g
raisins,g
rambutan,g
rapana,g
rapeseed oil,to taste
raspberries g with sugar,glass
raspberries,g
raspberry cream,g
raspberry flavor,drop
raspberry ice cream,g
raspberry jam,g
raspberry jam,g
raspberry jelly,g
raspberry puree,g
raspberry sauce,g
raspberry syrup,g
raspberry tea,g
raspberry vinegar,ml
raw smoked bacon,g
raw smoked ham,g
raw smoked sausage,g
raw smoked sausages,pcs.
ready dough,g
ready-made pancakes,g
ready-made salad dressing,g
red apples,pcs.
red beans,g
red bell pepper,g
red cabbage,g
red caviar,g
red cayenne pepper,g
red chili pepper,pod
red currant,g
red currants,g with sugar,g
red fish fillet,g
red fish,g
red food coloring,g
red hot pepper,g
red hot sauce,g
red kidney beans,g
red lentils,g
red onion,to taste
red oranges,pcs.
red paprika,g
red pepper flakes,g
red pepper,g
red peppercorns,g
red pepperoni,pcs.
red perch fillet,g
red rice,g
red shallots,pcs.
red snapper fillet,pcs.
red tea,g
red wine sauce,g
red wine vinegar,g
red wine,g
redcurrant jam,g
refined sugar with cinnamon,g
refined sugar,g
refined vegetable oil,g
regan,twig
rendered fat,glass
rennet,g
rhubarb,g
ribeye beef steaks,g
rice flakes,g
rice flour,g
rice for pilaf,g
rice for pudding,g
rice for risotto,g
rice milk,ml
rice noodles,g
rice paper,g
rice starch,g
rice vinegar,to taste
rice wine,g
rice,g
ricotta firm,g
ricotta,g
Riga black balsam,g
rigatoni,g
ripe persimmon,g
Risoni pasta,g
roast beef,g
roasted almonds,g
roasted peanuts,g
roasted pine nuts,g
romaine lettuce,g
Rooibos tea,g
roots,to taste
Roquefort,g
rose water,g
rosehip syrup,g
rosehip,g
rosemary,pcs.
roses,g
rudd,pcs.
ruff,g
ruff-nosar,pcs.
rum extract,g
rum flavoring,g
rum,bottle
Russian cheese,g
Russian mustard,g
rutabaga,g
Ryazhenka 4%,g
Ryazhenka,g
rye bran,g
rye bread,g
rye buns,piece
rye crackers,g
rye flour,g
rye sourdough,g
rye,g
saffron threads,pcs.
saffron,g
sage,g
sake,g
salad corn,bunch
salad dressing,to taste
salad mix,g
salad onion,pcs.
salad shrimps,g
salami,g
salmon caviar,g
salmon fillet on skin,g
salmon fillet on skin,g
salmon fillet,g
salmon fillet,g
salmon milk,g
salmon steak,g
salmon steak,pcs.
salmon steaks,g
salmon,g
salmon,g
salsa verde,g
salsa,g
salt,g
salted caramel,g
salted curd cheese,g
salted fern,packaging
salted herring,pcs.
salted mushrooms,g
salted peanuts,g
salted red fish,g
salted salmon,g
salted tomatoes,pcs.
salty cracker,g
sambal oelek sauce,g
sandwich bread,g
sandwich marmalade,g
sardines in oil,can
sardines,g
satsebeli sauce,g
sauce,g
sauerkraut,to taste
saury,g
sausage cheese,g
sausage,g
sausages for frying,g
sausages,g
sausages,g
sausages,g
Savoiardi cookies,g
savory,g
savoy cabbage,g
scallops,kg
scamorza cheese,g
Schisandra berries,g
schnapps,g
sea bass fillet,g
sea bass,g
sea bass,g
sea buckthorn syrup,glass
sea buckthorn,g
sea cocktail in oil,packaging
sea cocktail,g
sea fish,g
sea kale,to taste
sea salt,g
sea tongue,g
seafood seasoning,to taste
seafood,pcs.
seasoning 4 peppers,g
seasoning 5 spices (five spice),g
seasoning for chicken,g
seasoning for fish,g
seasoning for lamb,g
seasoning for marinating pork,to taste
seasoning for meat,g
seasoning for paella,to taste
seasoning for pasta,to taste
seasoning for pilaf,g
seasoning for potatoes,g
seasoning for poultry,g
seasoning with dried mushrooms,g
seasonings,g
seedless grapes,g
seedless raisins,g
self-raising flour,g
semi-dry red wine,g
semi-dry rose wine,g
semi-dry white wine,g
semi-hard cheese,g
semi-smoked sausage,g
semi-sweet chocolate,g
semi-sweet red wine,g
semi-sweet rose wine,g
semi-sweet white wine,g
semolina,g
semolina,g
Senegalese pepper,to taste
Serbian cheese,g
sesame bread,piece
sesame flour,g
sesame oil,g
sesame paste,g
sesame seeds,to taste
sesame,g
shallots,g
shark steaks,g
sheep cheese,g
shell pasta (conchiglie rigate),g
shell pasta (conchiglie),g
shellfish,g
sherry vinegar,g
sherry,glass
Shiitake mushrooms,g
shirataki noodles,g
Short grain rice,g
shortbread cookies,g
shortbread dough,to taste
shortening,glass
shrimp peeled in brine,g
shrimp,g
Sichuan pepper,g
side dish,g
silver confectionery beads,to taste
skimmed milk powder,g
small croutons,g
small green mussels in shells,g
small onion,g
small pasta,g
small red fish caviar,g
small sardines,pcs.
smelt,g
smoked bacon,g
smoked brisket,to taste
smoked cheese,g
smoked chicken breasts,g
smoked chicken drumsticks,pcs.
smoked chicken legs,g
smoked chicken,g
smoked eel,g
smoked fish fillet,g
smoked fish,g
smoked goose breast,g
smoked ham,g
smoked lapsang souchong tea,g
smoked lard in pepper,g
smoked lard with meat layers,g
smoked meats,g
smoked mussels in oil,g
smoked paprika,g
smoked pork knuckle,g
smoked pork loin,g
Smoked prunes,pitted,g
smoked salmon,g
smoked salmon,g
smoked sausage,g
smoked sausages,g
smoked sausages,g
smoked scamorza cheese,g
smoked suluguni,g
smoked sweet paprika,g
smoked turkey,g
snails,g
snow crab,to taste
snowball,l
soaked apples,pcs.
soda,g
soft apples,g
soft blue cheese,g
soft cheese,to taste
soft cottage cheese,g
soft goat cheese,g
sole fillet,g
soup set,g
sour berry sauce,g
sour cream 10%,g
sour cream 15%,g
sour cream 18%,g
sour cream 20%,g
sour cream 25%,g
sour cream 30%,g
sour cream 35%,g
sour cream,g
sour cream,g
sourdough,package
Soviet champagne,glass
soy flour,g
soy milk,g
soy protein isolate,g
soy sauce,g
soybean oil,g
soybean sprouts,g
soybean,g
spaghetti lungi,g
spaghetti No. 3,g
spaghetti No. 5,g
spaghetti,g
Spanish hot pepper,pcs.
spec,g
spelled flour,g
spelled,g
spelled,glass
spices,g
spices,g
spicy herbs with pepper,g
spicy ketchup,to taste
spicy mustard,g
spicy tomato sauce,g
spinach,g
spiral pasta (fusilli),g
spirulina powder,g
split peas,g
sponge cake,g
sponge roll,g
sprat,g
sprats in oil,g
sprats,g
spread,g
sprouted mung beans,g
sprouted wheat flour,g
squash,g
squid fillet,pcs.
squid,g
St. John's wort,to taste
stale white buns,g
star anise,g
star anise,pinch
star pasta,glass
starch syrup,g
starch,g
steamed rice and wild mixture,g
steamed rice,g
stew,g
still mineral water,glass
stracciatella,g
straw,g
strawberries g with sugar,g
strawberries in syrup,g
strawberries,to taste
strawberry compote,glass
strawberry curd,g
strawberry ice cream,g
strawberry jam,g
strawberry jam,g
strawberry jelly,packaging
strawberry liqueur,g
strawberry puree,g
strawberry syrup,g
strawberry,g
strong alcohol,g
sturgeon,g
sugar bone,g
sugar confectionery decorations,g
sugar cookies,g
sugar pearls,g
sugar substitute stevia,g
sugar substitute,to taste
sugar syrup,g
sugar,g
Suluguni,g
sumac,g
sun-dried tomatoes,to taste
sunfish fillet,pcs.
sunflower halva,g
sunflower oil,g
sunflower seeds,g
sunflower seeds,g
sushi rice,g
Svan salt,g
sweet apples,g
sweet chili sauce,g
sweet cookies,g
sweet green pepper,g
sweet orange pepper,g
sweet paprika flakes,g
sweet paprika,g
sweet pepper,g
sweet potato,g
sweet red pepper,g
sweet red wine,g
sweet white wine,g
sweet yellow pepper,g
sweetie,g
sweets,to taste
Swiss cheese,g
swordfish,g
syrup from canned peaches,g
syrup from canned pears,g
syrup,g
tabasco sauce,drop
table vinegar,g
tagliatelle nests,pcs.
tagliatelle,g
Tagliolini,g
tahini paste,g
tail fat,g
taleggio,g
tamarind paste,g
tamarind,pcs.
tangerine juice,g
tangerine puree,g
tangerines in their own juice,g
tangerines,to taste
tapioca,g
tarragon,g
tarragon,g
tartare,g
tartlets,to taste
tempura flour,g
tequila,glass
teriyaki sauce,g
tete de moine cheese,g
Thai basil,g
Thai eggplants,g
Thai fish sauce,g
thick rye sourdough,g
thick strawberry jam,ml
thickener for cream,g
thin lavash,layer
thyme,g
thyme,handful
tiger shrimps,g
tilapia fillet,g
tilapia,g
Tilsiter,g
titanium dioxide,g
tkemali sauce,glass
tkemali,g
toffee,g
tofu,g
tomato concentrate,g
tomato juice,g
tomato ketchup,g
tomato paste,g
tomato powder,g
tomato puree,g
tomato sauce with basil,g
tomato sauce,g
tomatoes canned in their own juice,g
tomatoes sun-dried in oil,g
tomatoes,g
tonic,bottle
tonka beans,pcs.
tortiglioni,g
tortillas,to taste
transfer sheet for chocolate,pcs.
trout fillet,g
trout steaks,pcs.
trout,g
Truffle candies,g
truffle crumbs,g
truffle oil,g
truffle,g
tuna fillet,g
tuna,to taste
turkey breast,g
turkey carcass,pcs.
turkey drumstick,g
turkey fillet,g
turkey liver,g
turkey,g
turmeric,g
turnip,g
Tuscan ketchup,g
ugurt,g
unfiltered beer,g
unleavened dough,g
unrefined vegetable oil,glass
unripe spelled,g
Utskho-Suneli,g
vanilla essence,g
vanilla extract,to taste
vanilla halva,g
vanilla ice cream,g
vanilla in pods,g
vanilla instant pudding,packaging
vanilla powder,g
vanilla powdered sugar,g
vanilla pudding,g
vanilla sugar,g
vanilla syrup,g
vanilla tincture,g
vanillin,g
veal cheek,pcs.
veal chops on the bone,pcs.
veal escalopes,g
veal schnitzels,pcs.
veal tenderloin,g
veal,to taste
Vegemite paste,g
vegetable broth,to taste
vegetable fat,g
vegetable mixture,g
vegetable oil for frying,g
vegetable oil,g
vegetables,g
venison,g
vermicelli,g
vermouth,g
viburnum,to taste
vinaigrette,g
vinegar 9%,g
vinegar essence,g
vinegar,g
viola rice,g
violet syrup,g
vitamin C powder,g
vodka,g
wafer crumbs,g
wafer rolls,g
waffle cakes,g
waffles,g
walnut oil,g
walnuts,g
wasabi,g
water,g
watercress,g
watermelon pulp,g
watermelons,g
wheat bran,g
wheat cereal,g
wheat flakes,g
wheat flour,g
wheat germ,glass
wheat sprouts,g
wheat,g
whey protein,g
whey,g
whine,g
whiskey,g
white asparagus,g
white beans,g
white bread,g
white bun,g
white cabbage,g
white chocolate drops,g
white chocolate,g
white crackers,g
white fish fillet,g
white fish,g
white fish,g
white glaze,g
white grapes,g
white lima beans,g
white onion,to taste
white pepper,g
white peppercorns,to taste
white radish,pcs.
white raisins,g
white table wine,glass
white turnip,pcs.
white vermouth,g
white wine vinegar,g
white wine,to taste
whole grain bread,g
whole grain flour,g
whole grain wheat flour,g
whole grain wheat-rye bread,g
wholemeal flour,g
wild berries,g
wild boar meat,g
wild garlic,g
wild rice,g
wine vinegar with garlic,g
wine vinegar with tarragon,g
wine vinegar,g
wonton dough,g
Worcestershire sauce,g
yeast dough,to taste
yeast-free dough,g
yellow bell pepper,g
yellow cherry tomatoes,g
yellow food coloring,g
yellow mustard seeds,g
yellow tomatoes,pcs.
yesterday's baguette,pcs.
yesterday's buns,pcs.
yogurt,g
young asparagus,g
young carrots,g
young garlic,g
young goat meat,kg
young grape leaves,pcs.
young potatoes,g
young spinach,g
young zucchini,g
yuzu juice,ml
za'atar seasoning,g
za'atar,pinch
zander,g
zira,g
zucchini flowers,pcs.
zucchini,g
zucchini,g
